Outfall Name from Valenti-Muelas et al. (2026),Outfall Name from Rich,Population,latitude,longitude,Depth,Flow,,,,,,,,,,,,,
,Capital Regional District - Clover Point,,48.4025,-123.348889,67,44915,,,,,,,,,,,,,
,BC Ferries,,49.783333,-124.61667,3,"0.31",,,,,,,,,,,,,
,Van Anda,,49.758333,-124.55,35,"17.2",,,,,,,,,,,,,
,District of Campbell River,35519,50.048611,-125.258333,35,20000,,,,,,,,,,,,,
,Powell River Regional District - Lund,,49.9811111,-124.7611111,50,70,,,,,,,,,,,,,
,Quathiaski Cove,,50.051,-125.217,24,30,,,,,,,,,,,,,
,Sliammon,,49.8969444,-124.6083333,15,157,,,,,,,,,,,,,
,Sundowner,,49.62253832,-124.025259,21,10,,,,,,,,,,,,,
,Cape Mudge Band,,49.99972,-125.18444,14,50,,,,,,,,,,,,,
,Cumberland,,49.61634,-125.03613,0,3225,,,,,,,,,,,,,
,Gillies Bay,,49.683333,-124.48333,0,7,,,,,,,,,,,,,
,Wildwood,,49.830452,-124.513893,7,2350,,,,,,,,,,,,,
,Nanoose FN,,49.272316,-124.193054,50,78,,,,,,,,,,,,,
,Westview,,49.8371656881596,-124.528876410001,60,5057,,,,,,,,,,,,,
,Town of Gibsons WWTP,,49.4005691328716,-123.50912417875,20,1500,,,,,,,,,,,,, 
,Snug Cove WWTP,,49.3796392381716,-123.332078459847,0.65,70,,,,,,,,,,,,, 
,Citrus Wynd WWTP,,49.3974552422354,-123.250249795345,0.5,96,,,,,,,,,,,,, 
,Riverport WWTP,,49.1363763192682,-123.060988116488,0.5,315,,,,,,,,,,,,, 
,TFN Sewage Treatment Plant,,49.053303965667,-123.098053077777,0.5,300,,,,,,,,,,,,, 
,French Creek Pollution Control,,49.3458117870794,-124.360620800503,61,10246,,,,,,,,,,,,, 
,Nanoose Bay Pollution Control,,49.2873563519581,-124.149698302354,39,273,,,,,,,,,,,,, 
,SnawnNaw-As WWTP,,49.2541900350815,-124.128070088863,0.5,61,,,,,,,,,,,,, 
,Duke Point Pollution Control,,49.1399412629798,-123.875604715428,43,108,,,,,,,,,,,,, 
,CFB Equimault/Rocky Point,,48.430833,-123.428889,,119,,,,,,,,,,,,, 
,PA Region - William Head,,48.3595315896865,-123.544772853559,15,159,,,,,,,,,,,,, 
,Tsawout WWTP,,48.5925282704054,-123.391446702103,0.5,600,,,,,,,,,,,,, 
,Magic Lake,,48.7645470069131,-123.290063789335,30,262,,,,,,,,,,,,, 
Fraser,Greater Vancouver Regional District 1,,49.22,-123,17.3,213000,,fraser,,,,,,,,,,,
Iona,Greater Vancouver Sewerage and Drainage (Iona),,49.2174845208333,-123.201692754976,72-106,507000,,howe,,,,,,,,,,,
Campbell,Campbell River STP,,50.059636,-125.260148,18,44,,evi_n,,,,,,,,,,,
Macaulay Point,Capital Regional District - Macaulay Point,,48.4036351085362,-123.4196531,60,44793,,evi_s,,,,,,,,,,,
Annacis,Greater Vancouver Regional District (Annacis Island),,49.123121,-123.252763,15,468000,,fraser,,,,,,,,,,,
Courtnay,Comox-Strathcona Regional District STP,,49.73333563,-124.8459148,60,13729,,evi_s,,,,,,,,,,,
Five_finger,Greater Nanaimo Pollution Control,99863,49.23156203,-123.9142998,70,32455.48,,evis,,,,,,,,,,,
Burrard_inlet,Greater Vancouver Regional District 2,,49.32154,-123.16549,7.2,12900,,howe,,,,,,,,,,,
Powell,Powell River Townsite,,49.8573138,-124.5721359,51,7832,,jervis,,,,,,,,,,,
Lulu,Greater Vancouver Regional District (Lulu Island),,49.123121,-123.252763,15,69200,,fraser,,,,,,,,,,,
Bellingham,Bellingham,93910,48.72386975,-122.5195463,18,30520.75,,fraser,,,,,,,,,,,
Saanich peninsula,Saanich Peninsula WWTP,41938,48.64987519,-123.3662862,24,13629.85,,evi_s,,,,,,,,,,,
Sechelt,Sechelt Water Resource Center,10847,49.45559319,-123.7625293,38,3525.275,,jervis,,,,,,,,,,,
Squamish,Squamish,23819,49.67603481,-123.1822491,0,7741.175,,howe,,,,,,,,,,,
McLoughlin Point,McLoughlin Point WWTP,322245,48.40098834,-123.3976111,60,104730,,jdf,,,,,,,,,,,
Sooke,Sooke,,48.35249517,-123.7788884,30,1387,,jdf,,,,,,,,,,,
Port Angeles,Port Angeles,20200,48.12826,-123.37935,16,6565,,jdf,,,,,,,,,,,
Anacortes,Anacortes,17880,48.52307544,-122.6093498,5811,5,,skagit,,,,,,,,,,,
Puyallup,Puyallup,88750,47.20518904173506,-122.32189178090263,0,28843.75,,puget,,,,,,,,,,,
Bainbridge Island,Bainbridge Island,25060,47.62278,-122.489167,13,8144.5,,puget,,,,,,,,,,,
South King,South King,714050,47.60058503,-122.4278881,190,232066,,puget,,,,,,,,,,,
West King,West King,963450,47.66173185,-122.4498202,73,313121,,puget,,,,,,,,,,,
Bremerton,Bremerton,45220,47.54546742,-122.6681611,1,14696.5,,puget,,,,,,,,,,,
Salmon Creek,Salmon Creek,52490,47.48721015,-122.366628,0,17059.25,,puget,,,,,,,,,,,
Midway,Midway,33160,47.39605724,-122.3374214,11.5,10777,,puget,,,,,,,,,,,
Chambers,Chambers,167130,47.19383625,-122.5866103,36,54317.25,,puget,,,,,,,,,,,
Edmonds,Edmonds,43260,47.81414502,-122.3899467,21,14059.5,,puget,,,,,,,,,,,
Snohomish river,Snohomish River,226380,47.91623154030559, -122.11259384545706,0,73573.5,,skagit,,,,,,,,,,,
Lakota WWTP,Lakota WWTP,101800,47.33357774,-122.3827516,56,33085,,puget,,,,,,,,,,,
LOTT,LOTT,114550,47.06187182,-122.9054364,8,37228.75,,puget,,,,,,,,,,,
Lynnwood,Lynwood,38740,47.84800037,-122.3432868,30,12590.5,,puget,,,,,,,,,,,
Brightwater,brightwater,110230,47.7776872,-122.4400642,182,35824.75,,skagit,,,,,,,,,,,
OakHarbor,Oak harbour,24760,48.27060999,-122.6477623,10,8047,,skagit,,,,,,,,,,,
Kitsap (Central Kitsap WWTP),Kitsap,12180,47.67718936,-122.602822,12.5,3958.5,,puget,,,,,,,,,,,
Tacoma,Tacoma,220800,47.27303493,-122.4299315,38,71760,,puget,,,,,,,,,,,
